{
  "overall_metrics": {
    "accuracy": 0.8406873373807459,
    "precision": 0.8863887864256732,
    "recall": 0.7815481352992194,
    "f1": 0.8306735034856254,
    "auroc": 0.9238214476319928,
    "auprc": 0.9303245235448849,
    "confusion_matrix": {
      "TP": 7209,
      "FP": 924,
      "TN": 8300,
      "FN": 2015
    },
    "recall@10": 0.0010841283607979184,
    "recall@20": 0.002168256721595837,
    "recall@50": 0.005420641803989592,
    "recall@100": 0.010841283607979185
  },
  "num_test_samples": 18448,
  "stratified_results": {}
}