{
  "train_loss": [
    0.7003024220466614,
    0.6934439539909363,
    0.6859177947044373,
    0.680124044418335,
    0.6726394891738892,
    0.6633296608924866,
    0.6533409953117371,
    0.6382718682289124,
    0.6243565678596497,
    0.6092652082443237,
    0.5949355959892273,
    0.5742988586425781,
    0.5547761917114258,
    0.5371527671813965,
    0.5243790745735168,
    0.5085033178329468,
    0.4923652708530426,
    0.48718565702438354,
    0.47478389739990234,
    0.4557812213897705,
    0.456316739320755,
    0.4554908871650696,
    0.44062870740890503,
    0.44272491335868835,
    0.44031792879104614,
    0.43629053235054016,
    0.4327102601528168,
    0.4176045358181,
    0.42022040486335754,
    0.4124378263950348,
    0.41317957639694214,
    0.40453532338142395,
    0.4095548689365387,
    0.4022168815135956,
    0.400545597076416,
    0.393007755279541,
    0.3921617567539215,
    0.38557007908821106,
    0.39040622115135193,
    0.3760643005371094,
    0.385174959897995,
    0.37722048163414,
    0.3741474151611328,
    0.37319546937942505,
    0.3728318512439728,
    0.3673715889453888,
    0.3677753210067749,
    0.36426228284835815,
    0.3578626215457916,
    0.35427525639533997,
    0.35637593269348145,
    0.3544750213623047,
    0.36274945735931396,
    0.3572021722793579,
    0.3552885949611664,
    0.35047581791877747,
    0.34603649377822876,
    0.34545424580574036,
    0.3485548198223114,
    0.344950407743454,
    0.33949241042137146,
    0.3385009765625,
    0.34696653485298157,
    0.3440777361392975,
    0.34002941846847534,
    0.33518120646476746,
    0.3396049737930298,
    0.332180380821228,
    0.33372965455055237,
    0.33802154660224915,
    0.3307354152202606,
    0.3263026177883148,
    0.3196909427642822,
    0.32725992798805237,
    0.32812976837158203,
    0.32883012294769287,
    0.3327757716178894,
    0.32363566756248474,
    0.31478679180145264,
    0.318384051322937,
    0.32870492339134216,
    0.3281295895576477,
    0.32854530215263367,
    0.31679657101631165,
    0.31711527705192566,
    0.31876155734062195,
    0.32301652431488037,
    0.30991318821907043,
    0.31379255652427673,
    0.3199099898338318,
    0.30827346444129944,
    0.31489476561546326,
    0.30991795659065247,
    0.308170884847641,
    0.3040136992931366,
    0.30702486634254456,
    0.31416887044906616,
    0.30736473202705383,
    0.3095792531967163,
    0.30814018845558167
  ],
  "val_loss": [
    0.6952113509178162,
    0.6948853135108948,
    0.6942729949951172,
    0.6933550238609314,
    0.6918522119522095,
    0.6900709271430969,
    0.6879104375839233,
    0.6852030754089355,
    0.681510865688324,
    0.6764812469482422,
    0.6702920198440552,
    0.6629391312599182,
    0.6545795202255249,
    0.6442098021507263,
    0.6296527981758118,
    0.6111608147621155,
    0.5889551043510437,
    0.5639567375183105,
    0.5380992889404297,
    0.5127120614051819,
    0.4919712245464325,
    0.4751003682613373,
    0.46063438057899475,
    0.44825515151023865,
    0.43727320432662964,
    0.42921268939971924,
    0.4205125868320465,
    0.413447767496109,
    0.4083433747291565,
    0.40440791845321655,
    0.40158408880233765,
    0.3985195755958557,
    0.3964863121509552,
    0.39409834146499634,
    0.3912091851234436,
    0.3891412913799286,
    0.387263685464859,
    0.38545623421669006,
    0.3831422030925751,
    0.38085776567459106,
    0.37894850969314575,
    0.37780049443244934,
    0.37670543789863586,
    0.375648558139801,
    0.37466171383857727,
    0.37353095412254333,
    0.3719097375869751,
    0.3706296980381012,
    0.3691117763519287,
    0.3672509789466858,
    0.36605796217918396,
    0.36497899889945984,
    0.3639831840991974,
    0.3631499409675598,
    0.3625715374946594,
    0.36209383606910706,
    0.36165985465049744,
    0.36100438237190247,
    0.3603154122829437,
    0.35945963859558105,
    0.358388215303421,
    0.35766926407814026,
    0.35702070593833923,
    0.3564338684082031,
    0.3558304011821747,
    0.3553610146045685,
    0.3550437092781067,
    0.35457637906074524,
    0.35402825474739075,
    0.35376203060150146,
    0.3533671498298645,
    0.3530324697494507,
    0.3528478443622589,
    0.3529888093471527,
    0.35326823592185974,
    0.35339269042015076,
    0.3533194959163666,
    0.3534756600856781,
    0.3535713851451874,
    0.35365137457847595,
    0.35355010628700256,
    0.35309168696403503,
    0.35284745693206787,
    0.3527695834636688,
    0.3519234359264374,
    0.3506816327571869,
    0.3499271273612976,
    0.3490561246871948,
    0.348310261964798,
    0.34830257296562195,
    0.348929226398468,
    0.34900298714637756,
    0.3491190969944,
    0.3493470847606659,
    0.34947413206100464,
    0.3491887152194977,
    0.34911635518074036,
    0.3497462272644043,
    0.34999948740005493,
    0.35102441906929016
  ],
  "learning_rates": [
    0.001,
    0.001,
    0.001,
    0.001,
    0.001,
    0.001,
    0.001,
    0.001,
    0.001,
    0.001,
    0.001,
    0.001,
    0.001,
    0.001,
    0.001,
    0.001,
    0.001,
    0.001,
    0.001,
    0.001,
    0.001,
    0.001,
    0.001,
    0.001,
    0.001,
    0.001,
    0.001,
    0.001,
    0.001,
    0.001,
    0.001,
    0.001,
    0.001,
    0.001,
    0.001,
    0.001,
    0.001,
    0.001,
    0.001,
    0.001,
    0.001,
    0.001,
    0.001,
    0.001,
    0.001,
    0.001,
    0.001,
    0.001,
    0.001,
    0.001,
    0.001,
    0.001,
    0.001,
    0.001,
    0.001,
    0.001,
    0.001,
    0.001,
    0.001,
    0.001,
    0.001,
    0.001,
    0.001,
    0.001,
    0.001,
    0.001,
    0.001,
    0.001,
    0.001,
    0.001,
    0.001,
    0.001,
    0.001,
    0.001,
    0.001,
    0.001,
    0.001,
    0.001,
    0.001,
    0.001,
    0.001,
    0.001,
    0.001,
    0.001,
    0.001,
    0.001,
    0.001,
    0.001,
    0.001,
    0.001,
    0.001,
    0.001,
    0.001,
    0.001,
    0.001,
    0.001,
    0.001,
    0.001,
    0.001,
    0.001
  ]
}