{
  "overall_metrics": {
    "accuracy": 0.8446986123156982,
    "precision": 0.8810065907729179,
    "recall": 0.7970511708586296,
    "f1": 0.8369286811998407,
    "auroc": 0.9275329594297166,
    "auprc": 0.9331962156406775,
    "confusion_matrix": {
      "TP": 7352,
      "FP": 993,
      "TN": 8231,
      "FN": 1872
    },
    "recall@10": 0.0010841283607979184,
    "recall@20": 0.002168256721595837,
    "recall@50": 0.005420641803989592,
    "recall@100": 0.010841283607979185
  },
  "num_test_samples": 18448,
  "stratified_results": {}
}