{
  "overall_metrics": {
    "mae": 0.6086647510528564,
    "rmse": 0.8891937065184079,
    "r2": 0.2419048547744751,
    "mape": 167.1792984008789
  },
  "num_test_samples": 9224,
  "stratified_results": {
    "by_patient_degree": {
      "low (1-5 labs)": {
        "mae": 0.3477722406387329,
        "rmse": 0.4371480888833667,
        "r2": -0.25972747802734375,
        "mape": 112.18284368515015,
        "num_samples": 9
      },
      "medium (6-15 labs)": {
        "mae": 0.5606080889701843,
        "rmse": 0.8067900955596516,
        "r2": 0.21473032236099243,
        "mape": 131.3607096672058,
        "num_samples": 98
      },
      "high (16+ labs)": {
        "mae": 0.609438955783844,
        "rmse": 0.89037048317062,
        "r2": 0.24211430549621582,
        "mape": 167.61860847473145,
        "num_samples": 9117
      }
    },
    "by_lab_frequency": {
      "rare (bottom 25%)": {
        "mae": 0.4745914340019226,
        "rmse": 0.827993562452197,
        "r2": 0.40007340908050537,
        "mape": 152.83961296081543,
        "num_samples": 1085
      },
      "common (middle 50%)": {
        "mae": 0.616866409778595,
        "rmse": 0.8931758223342751,
        "r2": 0.2186543345451355,
        "mape": 165.2559995651245,
        "num_samples": 5045
      },
      "very common (top 25%)": {
        "mae": 0.6423079967498779,
        "rmse": 0.903297316799784,
        "r2": 0.21804165840148926,
        "mape": 175.3440022468567,
        "num_samples": 3094
      }
    }
  }
}