{
  "train_loss": [
    0.6734695434570312,
    0.645578145980835,
    0.6379131078720093,
    0.6534028053283691,
    0.6597743034362793,
    0.6545959711074829,
    0.6561033725738525,
    0.65191650390625,
    0.6595330834388733,
    0.6557266712188721,
    0.6456534266471863,
    0.6536799073219299,
    0.6505481600761414,
    0.6566051244735718,
    0.6536085605621338,
    0.6438425779342651,
    0.6412103772163391,
    0.6508174538612366,
    0.6529155373573303,
    0.6506091356277466,
    0.6511462330818176,
    0.6487271189689636,
    0.6456476449966431,
    0.6433820724487305,
    0.6420362591743469,
    0.6427232027053833,
    0.6402214765548706,
    0.6361300945281982,
    0.63389652967453,
    0.6432300806045532,
    0.6404147744178772,
    0.6460382342338562,
    0.6435359716415405,
    0.6347329616546631,
    0.6458353400230408,
    0.6429322957992554,
    0.6375187635421753,
    0.634766697883606,
    0.6535996198654175,
    0.6276391744613647,
    0.6246921420097351,
    0.6519115567207336,
    0.64850914478302,
    0.6416938304901123,
    0.6386275887489319,
    0.6367998123168945,
    0.6329705119132996,
    0.6296038627624512,
    0.628258466720581,
    0.6245622038841248,
    0.6269040107727051,
    0.6235291957855225,
    0.6428816914558411,
    0.622657835483551,
    0.6190311908721924,
    0.6147468090057373,
    0.611170768737793,
    0.6436933279037476,
    0.6393682956695557,
    0.6210532188415527,
    0.6171994209289551,
    0.6199607253074646,
    0.6385245323181152,
    0.6345036625862122,
    0.6287554502487183,
    0.6246184706687927,
    0.6282688975334167,
    0.6242133378982544,
    0.6187712550163269,
    0.6317394375801086,
    0.6283456087112427,
    0.6160145998001099,
    0.6118565201759338,
    0.6206599473953247,
    0.6173295974731445,
    0.6236079335212708,
    0.6196160912513733,
    0.6261008381843567,
    0.6162027716636658,
    0.6119678616523743,
    0.6051953434944153,
    0.6222746968269348,
    0.6181463599205017,
    0.614223837852478,
    0.6103955507278442,
    0.5974975228309631,
    0.6113578677177429,
    0.6069023609161377,
    0.6198256611824036,
    0.6142370700836182,
    0.6098135709762573,
    0.6145783066749573,
    0.6108381748199463,
    0.6081446409225464,
    0.6038554906845093,
    0.5959407687187195,
    0.6043885946273804,
    0.6005505919456482,
    0.6140897870063782,
    0.6093063354492188
  ],
  "val_loss": [
    0.6813947558403015,
    0.6813334226608276,
    0.6811151504516602,
    0.6808437705039978,
    0.6806604266166687,
    0.68058180809021,
    0.6805019974708557,
    0.680363655090332,
    0.6801930665969849,
    0.6800262331962585,
    0.6798444390296936,
    0.6796585917472839,
    0.6794996857643127,
    0.6793628334999084,
    0.6792563199996948,
    0.6791316866874695,
    0.678946316242218,
    0.6787026524543762,
    0.6784788966178894,
    0.6782441735267639,
    0.678030788898468,
    0.6778724789619446,
    0.6777350902557373,
    0.6775199770927429,
    0.677165150642395,
    0.6768634915351868,
    0.6765767335891724,
    0.6762315034866333,
    0.6757543683052063,
    0.675182580947876,
    0.674521803855896,
    0.6737143397331238,
    0.6727220416069031,
    0.6716939210891724,
    0.6706063151359558,
    0.6694510579109192,
    0.6682725548744202,
    0.6670513153076172,
    0.6660571098327637,
    0.6648796200752258,
    0.6633723974227905,
    0.6616222858428955,
    0.6600236296653748,
    0.6588266491889954,
    0.6577584147453308,
    0.6566542983055115,
    0.6556164026260376,
    0.6546888947486877,
    0.6539145708084106,
    0.6532961130142212,
    0.6527379155158997,
    0.6521424651145935,
    0.65157550573349,
    0.6510061621665955,
    0.6502860188484192,
    0.6498262286186218,
    0.6498051881790161,
    0.6494584679603577,
    0.648786187171936,
    0.648377001285553,
    0.648410975933075,
    0.6483837366104126,
    0.6481392979621887,
    0.6478681564331055,
    0.6477528214454651,
    0.6479682922363281,
    0.6475517153739929,
    0.6464407444000244,
    0.6451700925827026,
    0.6445632576942444,
    0.6441122889518738,
    0.6435889601707458,
    0.6435412168502808,
    0.6434387564659119,
    0.6430606842041016,
    0.6426006555557251,
    0.6422148942947388,
    0.6416874527931213,
    0.6412715911865234,
    0.6413228511810303,
    0.6405749917030334,
    0.6395677924156189,
    0.6389451622962952,
    0.638824999332428,
    0.638651430606842,
    0.6379696130752563,
    0.6370223164558411,
    0.6366941928863525,
    0.6365728378295898,
    0.6362046599388123,
    0.6360259056091309,
    0.6360652446746826,
    0.635956883430481,
    0.6356360912322998,
    0.6357415318489075,
    0.6358869671821594,
    0.6359902024269104,
    0.6359041333198547,
    0.6350287199020386,
    0.6346473693847656
  ],
  "learning_rates": [
    0.001,
    0.001,
    0.001,
    0.001,
    0.001,
    0.001,
    0.001,
    0.001,
    0.001,
    0.001,
    0.001,
    0.001,
    0.001,
    0.001,
    0.001,
    0.001,
    0.001,
    0.001,
    0.001,
    0.001,
    0.001,
    0.001,
    0.001,
    0.001,
    0.001,
    0.001,
    0.001,
    0.001,
    0.001,
    0.001,
    0.001,
    0.001,
    0.001,
    0.001,
    0.001,
    0.001,
    0.001,
    0.001,
    0.001,
    0.001,
    0.001,
    0.001,
    0.001,
    0.001,
    0.001,
    0.001,
    0.001,
    0.001,
    0.001,
    0.001,
    0.001,
    0.001,
    0.001,
    0.001,
    0.001,
    0.001,
    0.001,
    0.001,
    0.001,
    0.001,
    0.001,
    0.001,
    0.001,
    0.001,
    0.001,
    0.001,
    0.001,
    0.001,
    0.001,
    0.001,
    0.001,
    0.001,
    0.001,
    0.001,
    0.001,
    0.001,
    0.001,
    0.001,
    0.001,
    0.001,
    0.001,
    0.001,
    0.001,
    0.001,
    0.001,
    0.001,
    0.001,
    0.001,
    0.001,
    0.001,
    0.001,
    0.001,
    0.001,
    0.001,
    0.001,
    0.001,
    0.001,
    0.001,
    0.001,
    0.001
  ]
}