{
  "train_loss": [
    0.701758623123169,
    0.6939776539802551,
    0.6877807974815369,
    0.6827006340026855,
    0.6750506162643433,
    0.6683250069618225,
    0.6588087677955627,
    0.6464319229125977,
    0.6346851587295532,
    0.618609607219696,
    0.6023569703102112,
    0.5916027426719666,
    0.5660457015037537,
    0.5507473349571228,
    0.5345557928085327,
    0.5181862115859985,
    0.502076268196106,
    0.4844387471675873,
    0.47319459915161133,
    0.46470609307289124,
    0.4530546963214874,
    0.44592514634132385,
    0.43423038721084595,
    0.4412122666835785,
    0.43396860361099243,
    0.43065962195396423,
    0.42707809805870056,
    0.41692987084388733,
    0.42090222239494324,
    0.4058767259120941,
    0.4086148142814636,
    0.41125065088272095,
    0.41047203540802,
    0.40150970220565796,
    0.3973384499549866,
    0.39574581384658813,
    0.3852662146091461,
    0.38722845911979675,
    0.3857722580432892,
    0.3839624524116516,
    0.3806133568286896,
    0.38154712319374084,
    0.3773130774497986,
    0.37226101756095886,
    0.3752274811267853,
    0.36551350355148315,
    0.36510246992111206,
    0.3583769202232361,
    0.356955885887146,
    0.3596765398979187,
    0.36382153630256653,
    0.36885544657707214,
    0.35722219944000244,
    0.3635345697402954,
    0.36532142758369446,
    0.35448017716407776,
    0.3476793169975281,
    0.3542726933956146,
    0.353207528591156,
    0.3470996022224426,
    0.340094655752182,
    0.3456606864929199,
    0.343595951795578,
    0.3424317538738251,
    0.34140342473983765,
    0.341700941324234,
    0.3356415629386902,
    0.3394489884376526,
    0.3303651511669159,
    0.3403075337409973,
    0.33417004346847534,
    0.33971115946769714,
    0.33407530188560486,
    0.3306925594806671,
    0.33100971579551697,
    0.3380851149559021,
    0.3269917666912079,
    0.31823793053627014,
    0.32564830780029297,
    0.3213181793689728,
    0.3234325051307678,
    0.3211914896965027,
    0.3185460865497589,
    0.33311817049980164,
    0.3217565417289734,
    0.31757691502571106,
    0.31894707679748535,
    0.3108038008213043,
    0.31644338369369507,
    0.31167691946029663,
    0.3198716938495636,
    0.3035404682159424,
    0.303679496049881,
    0.31315457820892334,
    0.3043143153190613,
    0.30693864822387695,
    0.3033636212348938,
    0.3087898790836334,
    0.3046914041042328,
    0.3059205412864685
  ],
  "val_loss": [
    0.6952255368232727,
    0.6948983669281006,
    0.6943002343177795,
    0.6933469772338867,
    0.6917724609375,
    0.6900091171264648,
    0.6878719329833984,
    0.6851820349693298,
    0.6818081736564636,
    0.6779057383537292,
    0.673285961151123,
    0.6671777367591858,
    0.6591522097587585,
    0.6476764678955078,
    0.6325672268867493,
    0.6127839684486389,
    0.5908565521240234,
    0.5659781098365784,
    0.5423190593719482,
    0.5200400352478027,
    0.49910613894462585,
    0.4813993573188782,
    0.46727144718170166,
    0.4554617404937744,
    0.44511595368385315,
    0.4342767596244812,
    0.42348620295524597,
    0.41499167680740356,
    0.40922269225120544,
    0.40479499101638794,
    0.40125516057014465,
    0.3992071747779846,
    0.39713913202285767,
    0.39549025893211365,
    0.3924539387226105,
    0.3886719048023224,
    0.3852943480014801,
    0.38220956921577454,
    0.3802106976509094,
    0.37878209352493286,
    0.3773103654384613,
    0.37617507576942444,
    0.3751968741416931,
    0.3739977180957794,
    0.3730331063270569,
    0.3719514012336731,
    0.37095192074775696,
    0.36996063590049744,
    0.3690265119075775,
    0.3679112493991852,
    0.36705854535102844,
    0.366549015045166,
    0.3663540780544281,
    0.36597737669944763,
    0.3651482164859772,
    0.36420953273773193,
    0.363298237323761,
    0.3624975085258484,
    0.36150792241096497,
    0.3607489764690399,
    0.3599342703819275,
    0.3590898811817169,
    0.3580760061740875,
    0.35722941160202026,
    0.35623225569725037,
    0.3553623855113983,
    0.3546193540096283,
    0.3542422354221344,
    0.35430148243904114,
    0.3539946675300598,
    0.35378822684288025,
    0.3534070551395416,
    0.35319784283638,
    0.3530535399913788,
    0.352914959192276,
    0.3524085283279419,
    0.3515610098838806,
    0.35084182024002075,
    0.35016390681266785,
    0.34992504119873047,
    0.3491663336753845,
    0.34886854887008667,
    0.34811797738075256,
    0.34750649333000183,
    0.3472716510295868,
    0.3477856516838074,
    0.34796541929244995,
    0.3485361933708191,
    0.3496784567832947,
    0.3500194847583771,
    0.34946775436401367,
    0.3484762907028198,
    0.3466520309448242,
    0.345279723405838,
    0.344266802072525,
    0.3435986638069153,
    0.343890905380249,
    0.3431767523288727,
    0.34187328815460205,
    0.3411239683628082
  ],
  "learning_rates": [
    0.001,
    0.001,
    0.001,
    0.001,
    0.001,
    0.001,
    0.001,
    0.001,
    0.001,
    0.001,
    0.001,
    0.001,
    0.001,
    0.001,
    0.001,
    0.001,
    0.001,
    0.001,
    0.001,
    0.001,
    0.001,
    0.001,
    0.001,
    0.001,
    0.001,
    0.001,
    0.001,
    0.001,
    0.001,
    0.001,
    0.001,
    0.001,
    0.001,
    0.001,
    0.001,
    0.001,
    0.001,
    0.001,
    0.001,
    0.001,
    0.001,
    0.001,
    0.001,
    0.001,
    0.001,
    0.001,
    0.001,
    0.001,
    0.001,
    0.001,
    0.001,
    0.001,
    0.001,
    0.001,
    0.001,
    0.001,
    0.001,
    0.001,
    0.001,
    0.001,
    0.001,
    0.001,
    0.001,
    0.001,
    0.001,
    0.001,
    0.001,
    0.001,
    0.001,
    0.001,
    0.001,
    0.001,
    0.001,
    0.001,
    0.001,
    0.001,
    0.001,
    0.001,
    0.001,
    0.001,
    0.001,
    0.001,
    0.001,
    0.001,
    0.001,
    0.001,
    0.001,
    0.001,
    0.001,
    0.001,
    0.001,
    0.001,
    0.001,
    0.001,
    0.001,
    0.001,
    0.001,
    0.001,
    0.001,
    0.001
  ]
}